<?xml version="1.0" encoding="UTF-8"?>
<project-private xmlns="http://www.netbeans.org/ns/project-private/1">
    <editor-bookmarks xmlns="http://www.netbeans.org/ns/editor-bookmarks/2" lastBookmarkId="0"/>
    <open-files xmlns="http://www.netbeans.org/ns/projectui-open-files/2">
        <group>
            <file>file:/C:/xampp/htdocs/LabApp/app/User.php</file>
            <file>file:/C:/xampp/htdocs/LabApp/app/Users.php</file>
            <file>file:/C:/xampp/htdocs/LabApp/app/Http/Controllers/UserController.php</file>
            <file>file:/C:/xampp/htdocs/LabApp/app/Transaction.php</file>
            <file>file:/C:/xampp/htdocs/LabApp/routes/web.php</file>
            <file>file:/C:/xampp/htdocs/LabApp/app/Http/Controllers/TransactionInformationController.php</file>
            <file>file:/C:/xampp/htdocs/LabApp/database/migrations/2019_05_13_012054_create_transaction_information_table.php</file>
            <file>file:/C:/xampp/htdocs/LabApp/app/Http/Controllers/UserAuthController.php</file>
        </group>
    </open-files>
</project-private>
